,Name,P.CH3 (wt%),P.CH2 (wt%),P.CH (wt%),Olef (wt%),Naph (wt%),Arom (wt%),OH (wt%),O (wt%),Mol Wt,B.I,DCN
0,n-butane,51.72,48.28,0.0,0.0,0.0,0.0,0.0,0.0,58.0,0.0,20.6
1,n-pentane,41.6666666666667,58.3333333333333,0.0,0.0,0.0,0.0,0.0,0.0,72.0,0.0,39.4
2,n-hexane,34.8837209302326,65.1162790697674,0.0,0.0,0.0,0.0,0.0,0.0,86.0,0.0,50.0
3,n-heptane,30.0,70.0,0.0,0.0,0.0,0.0,0.0,0.0,100.0,0.0,53.8
4,n-octane,26.3157894736842,73.6842105263158,0.0,0.0,0.0,0.0,0.0,0.0,114.0,0.0,58.2
5,n-nonane,23.4375,76.5625,0.0,0.0,0.0,0.0,0.0,0.0,128.0,0.0,60.9
6,n-decane,21.1267605633803,78.8732394366197,0.0,0.0,0.0,0.0,0.0,0.0,142.0,0.0,65.5
7,n-dodecane,17.6470588235294,82.3529411764706,0.0,0.0,0.0,0.0,0.0,0.0,170.0,0.0,72.9
8,n-tetradecane,15.1515151515152,84.8484848484848,0.0,0.0,0.0,0.0,0.0,0.0,198.0,0.0,85.1
9,n-hexadecane,13.2743362831858,86.7256637168142,0.0,0.0,0.0,0.0,0.0,0.0,226.0,0.0,100.5
10,2-methylbutane,62.5,19.4,18.1,0.0,0.0,0.0,0.0,0.0,72.0,0.25,24.0
11,2-methylpentane,52.3255813953488,32.5581395348837,15.1162790697674,0.0,0.0,0.0,0.0,0.0,86.0,0.2,34.5
12,3-methylpentane,52.3255813953488,32.5581395348837,15.1162790697674,0.0,0.0,0.0,0.0,0.0,86.0,0.3,31.4
13,"2,2-dimethylbutane",69.76,16.2790697674419,0.0,0.0,0.0,0.0,0.0,0.0,86.0,0.5,24.4
14,2-methylhexane,45.0,42.0,13.0,0.0,0.0,0.0,0.0,0.0,100.0,0.167,43.5
15,3-methylhexane,45.0,42.0,13.0,0.0,0.0,0.0,0.0,0.0,100.0,0.25,32.0
16,3-ethylpentane,45.0,42.0,13.0,0.0,0.0,0.0,0.0,0.0,100.0,0.5,34.1
17,"2,4-dimethylpentane",60.0,14.0,26.0,0.0,0.0,0.0,0.0,0.0,100.0,0.4,28.7
18,"2,3-dimethylpentane",60.0,14.0,26.0,0.0,0.0,0.0,0.0,0.0,100.0,0.5,22.0
19,"2,2,3-trimethylbutane",75.0,0.0,13.0,0.0,0.0,0.0,0.0,0.0,100.0,0.75,12.9
20,2-methylheptane,39.4736842105263,49.1228070175439,11.4035087719298,0.0,0.0,0.0,0.0,0.0,114.0,0.14,52.6
21,3-methylheptane,39.4736842105263,49.1228070175439,11.4035087719298,0.0,0.0,0.0,0.0,0.0,114.0,0.21,45.0
22,"2,2,4-trimethylpentane",65.789,12.280701754386,11.4035087719298,0.0,0.0,0.0,0.0,0.0,114.0,0.6,17.4
23,"2,6-dimethyloctane",42.25,39.43,18.31,0.0,0.0,0.0,0.0,0.0,142.0,0.31,51.7
24,"2,6,10-trimethyldodecane",35.37,46.22,18.39,0.0,0.0,0.0,0.0,0.0,212.0,0.458,58.0
25,"2,6,10-trimethyltridecane",33.18,49.55,17.25,0.0,0.0,0.0,0.0,0.0,226.0,0.461,60.8
26,"2,2,4,4,6,8,8-heptamethylnonane",59.7345132743363,18.5840707964602,5.75221238938053,0.0,0.0,0.0,0.0,0.0,226.0,1.11,15.1
27,2-methylheptadecane,17.7165354330709,77.1653543307087,5.11811023622047,0.0,0.0,0.0,0.0,0.0,254.0,0.058,91.0
28,2-methyloctadecane,16.7910447761194,78.3582089552239,4.85074626865672,0.0,0.0,0.0,0.0,0.0,268.0,0.055,104.4
29,"2-methyl-1,3-butadiene",22.1,0.0,0.0,77.9,0.0,0.0,0.0,0.0,68.0,0.25,13.0
30,1-hexene,17.8571428571429,50.0,0.0,32.1428571428571,0.0,0.0,0.0,0.0,84.0,0.0,29.0
31,1-heptene,15.3061224489796,57.1428571428571,0.0,27.5510204081633,0.0,0.0,0.0,0.0,98.0,0.0,32.0
32,"2,5-dimethyl-2,4-hexadiene",54.54,0.0,0.0,45.45,0.0,0.0,0.0,0.0,110.0,0.33,19.9
33,1-octene,13.3928571428571,62.5,0.0,24.1071428571429,0.0,0.0,0.0,0.0,112.0,0.0,40.0
34,3-octene,26.78,50.0,0.0,23.22,0.0,0.0,0.0,0.0,112.0,0.0,36.0
35,"2,4,4-trimethyl-1-pentene",53.57,12.5,0.0,23.21,0.0,0.0,0.0,0.0,112.0,0.6,8.8
36,1-nonene,11.9,66.66,0.0,21.42,0.0,0.0,0.0,0.0,126.0,0.0,51.0
37,1-decene,10.71,70.0,0.0,19.28,0.0,0.0,0.0,0.0,140.0,0.0,49.1
38,"1,9-decadiene",0.0,60.86,0.0,39.14,0.0,0.0,0.0,0.0,138.0,0.0,41.0
39,1-dodecene,8.92857142857143,75.0,0.0,16.0714285714286,0.0,0.0,0.0,0.0,168.0,0.0,56.8
40,1-hexadecene,6.69642857142857,81.25,0.0,12.0535714285714,0.0,0.0,0.0,0.0,224.0,0.0,75.9
41,Cyclopentane,0.0,0.0,0.0,0.0,100.0,0.0,0.0,0.0,70.0,0.5,6.1
42,Methylcyclopentane,17.8571428571429,0.0,0.0,0.0,82.1428571428571,0.0,0.0,0.0,84.0,0.5,17.2
43,Cyclohexane,0.0,0.0,0.0,0.0,100.0,0.0,0.0,0.0,84.0,0.5,19.9
44,Cyclohexene,0.0,0.0,0.0,26.0,74.0,0.0,0.0,0.0,82.0,0.5,18.1
45,Methylcyclohexane,15.3061224489796,0.0,0.0,0.0,84.6938775510204,0.0,0.0,0.0,98.0,0.5,23.5
46,"1,2-dimethylcyclohexane",26.8,0.0,0.0,0.0,73.2,0.0,0.0,0.0,112.0,0.5,24.0
47,"1,3-dimethylcyclohexane",26.8,0.0,0.0,0.0,73.2,0.0,0.0,0.0,112.0,0.667,30.5
48,Ethylcyclohexane,13.4,12.5,0.0,0.0,74.1,0.0,0.0,0.0,112.0,0.5,35.8
49,Cyclooctane,0.0,0.0,0.0,0.0,100.0,0.0,0.0,0.0,112.0,0.5,22.3
50,"1,2,4-trimethylcyclohexane",35.7,0.0,0.0,0.0,64.3,0.0,0.0,0.0,126.0,1.0,24.4
51,"1,3,5-trimethylcyclohexane",35.7,0.0,0.0,0.0,64.3,0.0,0.0,0.0,126.0,1.16,30.5
52,n-buytlcyclohexane,10.7142857142857,30.0,0.0,0.0,59.2857142857143,0.0,0.0,0.0,140.0,0.5,47.6
53,Decahydronaphthalene,0.0,0.0,0.0,0.0,100.0,0.0,0.0,0.0,138.0,1.0,33.0
54,Perhydro-phenanthrene,0.0,0.0,0.0,0.0,100.0,0.0,0.0,0.0,194.0,1.5,38.8
55,"1,3,5-triisopropylcyclohexane",42.8571428571429,0.0,18.5714285714286,0.0,38.5714285714286,0.0,0.0,0.0,210.0,1.6,25.3
56,Toluene,16.304,0.0,0.0,0.0,0.0,83.695,0.0,0.0,92.0,1.0,6.0
57,Ethylbenzene,14.15,13.2,0.0,0.0,0.0,72.65,0.0,0.0,106.0,1.0,6.29
58,"1,2-dimethylbenzene",28.3,0.0,0.0,0.0,0.0,71.7,0.0,0.0,106.0,1.0,8.3
59,"1,3-dimethylbenzene",28.3,0.0,0.0,0.0,0.0,71.7,0.0,0.0,106.0,1.167,7.0
60,"1,4-dimethyl benzene",28.3,0.0,0.0,0.0,0.0,71.7,0.0,0.0,106.0,1.33,6.19
61,"1,2,3-trimethylbenzene",37.5,0.0,0.0,0.0,0.0,62.5,0.0,0.0,120.0,1.33,10.14
62,"1,2,4-trimethylbenzene",37.5,0.0,0.0,0.0,0.0,62.5,0.0,0.0,120.0,1.5,8.9
63,"1,3,5-trimethylbenzene",37.5,0.0,0.0,0.0,0.0,62.5,0.0,0.0,120.0,1.66,8.0
64,n-butylbenzene,11.1940298507463,31.3432835820896,0.0,0.0,0.0,57.4626865671642,0.0,0.0,134.0,1.0,12.0
65,Indan,0.0,0.0,0.0,0.0,35.6,64.4,0.0,0.0,118.0,1.5,8.6
66,Tetralin,0.0,0.0,0.0,0.0,42.4242424242424,57.5757575757576,0.0,0.0,132.0,1.5,9.4
67,"1,3,5-triethylbenzene",27.7777777777778,25.9259259259259,0.0,0.0,0.0,46.2962962962963,0.0,0.0,162.0,1.8,7.6
68,methanol,46.88,0.0,0.0,0.0,0.0,0.0,53.12,0.0,32.0,0.0,6.1
69,ethanol,32.6,30.43,0.0,0.0,0.0,0.0,36.96,0.0,46.0,0.0,8.0
70,n-propanol,25.0,46.660000000000004,0.0,0.0,0.0,0.0,28.33,0.0,60.0,0.0,8.2
71,n-butanol,20.27,56.75,0.0,0.0,0.0,0.0,22.97,0.0,74.0,0.0,11.7
72,2-methylbutan-1-ol,34.089999999999996,31.81,14.77,0.0,0.0,0.0,19.317999999999998,0.0,88.0,0.3,11.36
73,2-methoxyethanol,19.73,36.84,0.0,0.0,0.0,0.0,22.36,21.05,76.0,0.0,15.5
74,2-butanol,40.54,18.91,17.56,0.0,0.0,0.0,22.97,0.0,74.0,0.25,8.14
75,2-methylpropan-2-ol,60.81,0.0,0.0,0.0,0.0,0.0,22.97,0.0,74.0,0.66,8.11
76,1-methoxy-2-propanol,33.33,15.55,14.44,0.0,0.0,0.0,18.88,17.77,90.0,0.2,16.3
77,cyclopentanol,0.0,0.0,0.0,0.0,80.24,0.0,19.76,0.0,86.0,0.5,9.8
78,2-methyl-2-butanol,51.14,15.91,0.0,0.0,0.0,0.0,19.32,0.0,88.0,0.5,12.1
79,3-methyl-1-butanol,34.1,31.82,14.77,0.0,0.0,0.0,19.32,0.0,88.0,0.2,12.8
80,2-isopropoxyethanol,28.84,26.92,12.5,0.0,0.0,0.0,16.34,15.39,104.0,0.166,27.8
81,cyclohexanol,0.0,0.0,0.0,0.0,83.0,0.0,17.0,0.0,100.0,0.5,16.3
82,"3-methoxy-3-methyl-
1-butanol",38.13,23.72,0.0,0.0,0.0,0.0,14.41,13.56,118.0,0.4,10.0
83,1-heptanol,12.93,72.41,0.0,0.0,0.0,0.0,14.66,0.0,116.0,0.0,29.0
84,2-heptanol,25.86,48.28,11.21,0.0,0.0,0.0,14.65,0.0,116.0,0.142,25.0
85,4-heptanol,25.86,48.28,11.21,0.0,0.0,0.0,14.65,0.0,116.0,0.285,21.0
86,guaiacol,12.1,0.0,0.0,0.0,0.0,61.3,13.7,12.9,124.0,1.0,19.3
87,2-phenylethanol,0.0,22.95,0.0,0.0,0.0,63.11,13.93,0.0,122.0,1.0,8.0
88,"1,2 dimethoxybenzene",21.74,0.0,0.0,0.0,0.0,55.07,0.0,23.18,138.0,1.0,17.0
89,4-methyl guaiacol,21.74,0.0,0.0,0.0,0.0,54.34,12.31,11.6,138.0,1.25,19.8
90,"2,6-dimethoxyphenol",19.48,0.0,0.0,0.0,0.0,48.7,11.04,20.77,154.0,1.33,26.0
91,1-octanol,11.54,75.39,0.0,0.0,0.0,0.0,13.08,0.0,130.0,0.0,33.9
92,3-octanol,23.08,53.84,10.0,0.0,0.0,0.0,13.08,0.0,130.0,0.187,25.1
93,2-ethyl-1-hexanol,23.08,53.84,10.0,0.0,0.0,0.0,13.08,0.0,130.0,0.285,23.5
94,4-propyl phenol,11.03,20.59,0.0,0.0,0.0,55.07,12.32,0.0,136.0,1.0,8.6
95,1-nonanol,10.41,77.78,0.0,0.0,0.0,0.0,11.8,0.0,144.0,0.0,46.2
96,2-nonanol,20.83,58.35,9.02,0.0,0.0,0.0,11.8,0.0,144.0,0.111,39.6
97,4-nonanol,20.83,58.35,9.02,0.0,0.0,0.0,11.8,0.0,144.0,0.222,28.0
98,"1,2-dimethoxyethane",33.33,31.11,0.0,0.0,0.0,0.0,0.0,35.55,90.0,0.0,81.0
99,tetrahydrofuran,0.0,0.0,0.0,0.0,77.78,0.0,0.0,22.22,72.0,0.5,21.9
100,2-methyl tetrahydrofuran,17.44,0.0,0.0,0.0,63.96,0.0,0.0,18.6,86.0,0.5,21.3
101,tetrahydropyran,0.0,0.0,0.0,0.0,81.4,0.0,0.0,18.6,86.0,0.5,38.2
102,"2,2- dimethoxypropane",57.7,0.0,0.0,0.0,0.0,0.0,0.0,30.77,104.0,0.6,31.3
103,Diethylether,40.54,37.830000000000005,0.0,0.0,0.0,0.0,0.0,21.62,74.0,0.0,139.0
104,Dibutylether,23.080000000000002,64.61,0.0,0.0,0.0,0.0,0.0,12.3,130.0,0.0,115.2
105,Dimethoxymethane,39.47,18.42,0.0,0.0,0.0,0.0,0.0,42.11,76.0,0.0,29.9
106,cyclopentyl methyl ether,15.0,0.0,0.0,0.0,69.0,0.0,0.0,16.0,100.0,0.5,47.3
107,"2-ethyl
tetrahydrofuran",15.0,14.0,0.0,0.0,55.0,0.0,0.0,16.0,100.0,0.5,28.1
108,diisopropyl ether,58.82,0.0,25.49,0.0,0.0,0.0,0.0,15.69,102.0,0.4,23.6
109,anisole,13.89,0.0,0.0,0.0,0.0,71.29,0.0,14.81,108.0,1.0,6.4
110,hexylmethyl ether,25.86,60.34,0.0,0.0,0.0,0.0,0.0,13.8,116.0,0.0,99.8
111,1-butoxy-2-propanol,22.72,42.42,9.85,0.0,0.0,0.0,12.88,12.12,132.0,0.125,36.1
112,diisobutylether,46.15,21.53,20.0,0.0,0.0,0.0,0.0,12.31,130.0,0.285,59.7
113,PRF 50,48.00137078933599,40.96837750151205,5.735730888759017,0.0,0.0,0.0,0.0,0.0,106.58360643975846,0.282154561703934,40.11
114,PRF 60,51.575930943114265,35.20352313585987,6.874683878933463,0.0,0.0,0.0,0.0,0.0,107.99544925863975,0.3426621110845603,36.1
115,PRF 70,55.14199109884675,29.452377100389295,8.01092853639725,0.0,0.0,0.0,0.0,0.0,109.44170414735702,0.40464446345815736,31.56
116,PRF 80,58.6995815389306,23.714890557312906,9.144474509953376,0.0,0.0,0.0,0.0,0.0,110.92364476070411,0.4681562040301764,27.66
117,PRF 90,62.24873240208663,17.991014900556372,10.27533140262564,0.0,0.0,0.0,0.0,0.0,112.44260839238783,0.5332546453880491,23.27
118,TRF 40,23.726932018792024,37.937652540492564,0.0,0.0,0.0,38.33541544071541,0.0,0.0,96.16965838245896,0.478792702192629,36.72
119,TRF 45,23.027103075035484,34.36074905018136,0.0,0.0,0.0,42.61214787478317,0.0,0.0,95.76045837622374,0.5299427029720343,34.06
120,TRF 50,22.343796911385894,30.868295324861215,0.0,0.0,0.0,46.7879077637529,0.0,0.0,95.36426549809565,0.5794668127380443,30.97
121,TRF 55,21.676435207007415,27.45733550248235,0.0,0.0,0.0,50.866229290510226,0.0,0.0,94.98046926962198,0.6274413412972535,28.29
122,TRF 60,21.024466319210408,24.1250500759643,0.0,0.0,0.0,54.85048360482531,0.0,0.0,94.60849682692724,0.6739378966340959,25.8
123,TRF 65,20.387363762649677,20.868748120209457,0.0,0.0,0.0,58.74388811714088,0.0,0.0,94.24781006763757,0.7190237415453045,22.92
124,TRF 70,19.764624791383014,17.685860044846528,0.0,0.0,0.0,62.54951516377046,0.0,0.0,93.89790305361228,0.7627621182984636,19.84
125,TPRF 60-10,47.2484205373764,30.884363086150504,6.031221142272771,0.0,0.0,10.268714179794705,0.0,0.0,105.73985747552604,0.4353563466132131,32.22
126,TPRF 60-20,43.13375731297896,26.777639508256435,5.22924384394306,0.0,0.0,20.03236501733564,0.0,0.0,103.6808878953239,0.5199703324604775,29.08
127,TPRF 60-30,39.216614951586635,22.868055657477655,4.465764774857806,0.0,0.0,29.327320208516852,0.0,0.0,101.79390465204379,0.5975164870885882,26.2
128,TPRF 60-40,35.48310409818489,19.14174897967323,3.738076800361601,0.0,0.0,38.18653769067727,0.0,0.0,100.05822256121826,0.6688448744919822,22.69
129,TPRF 70-10,50.38192779134255,25.84260143584295,7.029084022369062,0.0,0.0,10.258001499027845,0.0,0.0,106.95646610008632,0.48947563698148816,28.93
130,TPRF 70-20,45.854698305140374,22.40939440236805,6.095265468366495,0.0,0.0,20.014242930248315,0.0,0.0,104.69530179669029,0.5666582721004081,26.25
131,TPRF 70-30,41.54362721475396,19.14011025531212,5.206033282523834,0.0,0.0,29.304660063541935,0.0,0.0,102.62921408962627,0.6371821581260741,23.68
132,TPRF 70-40,37.433594345261035,16.023282668294147,4.358268670018503,0.0,0.0,38.16183708256308,0.0,0.0,100.73400225192816,0.7018733632377138,19.94
133,TPRF 80-10,53.508903890732135,20.811348305863426,8.024867061511461,0.0,0.0,10.247311146651617,0.0,0.0,108.19877145469131,0.5447380137678038,25.37
134,TPRF 80-20,48.57072080037323,18.049045535390515,6.959721632637709,0.0,0.0,19.99615360147142,0.0,0.0,105.72787350331129,0.6141819164902256,22.84
135,TPRF 80-30,43.86704626016734,15.417921298790105,5.945158716736181,0.0,0.0,29.282034908857582,0.0,0.0,103.47702385973156,0.6774414224541409,19.75
136,TPRF 80-40,39.381562910373006,12.908848051134047,4.977658727590268,0.0,0.0,38.13716840851167,0.0,0.0,101.41808068793927,0.7353074501681074,16.49
137,TPRF 90-10,56.62936923357003,15.79057087612534,9.018576755434674,0.0,0.0,10.236643052930257,0.0,0.0,109.46759636339978,0.6011800792559654,21.06
138,TPRF 90-20,51.281838122983544,13.696571516255643,7.822616577619376,0.0,0.0,19.97809694226204,0.0,0.0,106.77909494955526,0.662563906686072,18.31
139,TPRF 90-30,46.186880404018396,11.701475465116253,6.683143723039448,0.0,0.0,29.259444663481794,0.0,0.0,104.33761667733293,0.7183077051325615,15.59
140,XO 10,61.11586552592376,15.958495363913606,10.291617680677284,3.1340666473217267,0.0,0.0,0.0,0.0,110.16377110270905,0.523275422054181,21.02
141,XO 11,56.41626541626909,19.65674277046537,9.173542883347677,6.285563191443083,0.0,0.0,0.0,0.0,106.55803071536491,0.4511606143072979,21.17
142,XO 12,51.69045592194293,23.37561507841878,8.049232650710602,9.454635440579459,0.0,0.0,0.0,0.0,103.1626123261995,0.38325224652399,22.9
143,XO 13,46.938217177635345,27.1152853059654,6.9186346749406935,12.641430833821016,0.0,0.0,0.0,0.0,99.95963536996275,0.319192707399255,24.02
144,XO 14,42.15932685193212,30.87592841194361,5.781696061505419,15.84609846399846,0.0,0.0,0.0,0.0,96.93319025348623,0.2586638050697247,24.51
145,XO 15,37.353560112641446,34.65772132312399,4.638363320916003,19.068789100934563,0.0,0.0,0.0,0.0,94.0690740639394,0.20138148127878805,25.34
146,XO 16,32.52068959153381,38.460842961956395,3.488582360338763,22.30965521508909,0.0,0.0,0.0,0.0,91.35456769367362,0.14709135387347222,26.5
147,XO 17,27.660485348483824,42.285474274787894,2.332298475064125,25.56885100160497,0.0,0.0,0.0,0.0,88.77824700236496,0.09556494004729942,27.2
148,XO 90,22.772714835001757,46.1317982605607,1.1694563398304831,28.846532404763526,0.0,0.0,0.0,0.0,86.32982210248117,0.046596442049623564,28.2
149,CO 89,58.478259612433284,10.915941794320878,10.136231666155101,0.0,11.113045389101423,0.0,0.0,0.0,109.64812640854262,0.5854937546951421,18.12
150,CO 78,51.34567447521908,9.584525902040893,8.899916909037973,0.0,21.954574797667004,0.0,0.0,0.0,105.7112647536103,0.5723708825120344,18.2
151,CO 67,44.38525083660818,8.285246822833525,7.693443478345416,0.0,32.534418728355575,0.0,0.0,0.0,102.13275110586713,0.5604425036862237,18.28
152,CO 57,37.59082975073704,7.016954886804247,6.5157438234610865,0.0,42.861938778879704,0.0,0.0,0.0,98.86578802297669,0.5495526267432557,18.34
153,CO 47,30.956542585260873,5.778554615915362,5.36580071477855,0.0,52.946055270403484,0.0,0.0,0.0,95.87138665474214,0.5395712888491404,18.43
154,CO 37,24.47679411498853,4.569001568131191,4.242644313264678,0.0,62.79527294521745,0.0,0.0,0.0,93.11680329122032,0.5303893443040677,18.69
155,CO 27,18.14624678336317,3.3872993995611247,3.145349442449616,0.0,72.41770488928799,0.0,0.0,0.0,90.57433709247857,0.5219144569749286,19.04
156,CO 18,11.95980603874304,2.2324971272320338,2.07303304671546,0.0,81.82109482111058,0.0,0.0,0.0,88.22039526407849,0.514067984213595,19.45
157,CO 9,5.912606660813574,1.1036865766852002,1.024851821207686,0.0,91.01283787556336,0.0,0.0,0.0,86.03475875060117,0.5067825291686706,19.68
158,RO 86,56.92525854630967,10.626048261977804,9.867044814693674,0.0,5.715504093476274,7.756755555432086,0.0,0.0,116.13373681417025,0.7066868407085132,15.51
159,RO 74,48.71985611121874,9.09437314076083,8.444775059277914,0.0,11.006216297183943,14.937007831892494,0.0,0.0,118.18133381195872,0.8090666905979356,13.17
160,RO 62,41.1024508393995,7.672457490021239,7.124424812162579,0.0,15.917797337968638,21.602724958671722,0.0,0.0,120.1479040343327,0.9073952017166342,11.74
161,RO 52,34.01202537268723,6.348911402901616,5.895417731265786,0.0,20.489590232097243,27.807301029274825,0.0,0.0,122.03816371064937,1.0019081855324683,10.63
162,RO 42,27.395722571979178,5.113868213436112,4.748591912476391,0.0,24.755676417148976,33.59698942327361,0.0,0.0,123.8564700205722,1.0928235010286098,9.66
163,RO 32,21.20752550638965,3.9587380945260677,3.675971087774206,0.0,28.74572687388806,39.01205790027665,0.0,0.0,125.6068546242683,1.1803427312134147,9.22
164,RO 23,15.407185645093334,2.8760079870840887,2.6705788451495107,0.0,32.48569321101414,44.08772650066204,0.0,0.0,127.2930535039994,1.26465267519997,9.2
165,RO 15,9.959346458286378,1.8590780055467904,1.7262867194363054,0.0,35.998372753240275,48.854934450826086,0.0,0.0,128.91853358199054,1.3459266790995275,9.0
166,RO 7,4.832822088802488,0.9021267899097977,0.8376891620590978,0.0,39.30387364229358,53.34097137168414,0.0,0.0,130.48651651368425,1.424325825684213,8.92
167,MC 1,52.552539502480585,16.93312185277241,7.977012298788585,0.0,0.0,15.173930377845881,0.0,0.0,107.54320560232787,0.6078705791637523,21.8
168,MC 2,42.705785369315755,17.278297054985078,5.575738718273619,0.0,0.0,29.293343117480678,0.0,0.0,103.05153896100752,0.6572367614448622,21.6
169,MC 3,59.209401450567306,18.95333977746908,9.6919655184369,3.198863544200347,0.0,0.0,0.0,0.0,109.33966097836667,0.48909979569226636,21.34
170,MC 4,55.345668426763304,21.38057538441972,8.832691794509103,6.287810430145614,0.0,0.0,0.0,0.0,106.14136004484436,0.43269873227359995,21.07
171,MC 5,48.86839201007868,19.112356421050624,7.168883166611514,3.0227709422331857,0.0,15.210166844692301,0.0,0.0,104.54650478133125,0.5524301766750656,21.6
172,MC 6,45.33921101343282,21.02504882775126,6.411794092080756,6.059665646918081,0.0,15.245701257896394,0.0,0.0,101.76058748535928,0.5026210614445574,21.12
173,MC 7,39.5280792529464,17.708279495513708,4.9243029748893745,2.234856440083636,0.0,31.058971398207465,0.0,0.0,100.75752532301283,0.6354160353367326,20.94
174,MC 8,36.03347083423999,20.694418553069596,4.160423393276678,5.847497045358313,0.0,29.423799349492352,0.0,0.0,97.99910754682479,0.562658745405734,21.05
175,MC 9,57.55484105613939,14.977545540355344,8.34294859313079,0.0,0.0,11.42348149363835,0.0,0.0,113.67637720593083,0.6974373080778187,20.96
176,MC 10,52.87967164391644,12.716217196173572,6.448817935488206,0.0,0.0,22.002538207048048,0.0,0.0,114.69497791830267,0.8460916793961699,19.2
177,MC 11,55.18626579389793,15.542653827617556,8.242431123995642,0.0,0.0,13.42025129387752,0.0,0.0,110.44821129584012,0.6540045654856427,21.36
178,MC 12,48.05232475785283,14.594354362331863,6.092247553075596,0.0,0.0,25.63746020082379,0.0,0.0,108.67548386109817,0.751444315990078,20.34
179,MC 13,55.588842615919326,16.066185723231907,9.175990548328393,0.0,10.698835990986467,0.0,0.0,0.0,105.59285273788356,0.5278877227621019,19.45
180,MC 14,48.68096608002547,14.733536385482818,7.9821117893343425,0.0,21.235282555002577,0.0,0.0,0.0,99.49781958762766,0.5174739804263752,17.0
181,MC 15,45.69363962902086,15.905435375945459,6.7718112770133425,0.0,10.315297269508626,15.062913731268635,0.0,0.0,101.32420615136378,0.5895529550528514,19.51
182,MC 16,36.483342828896646,15.75581152172119,4.534039633638649,0.0,9.958305557077034,29.083233104538493,0.0,0.0,97.64989137678415,0.6426324193494064,20.12
183,MC 17,38.7647168191532,15.163998680091687,5.53021408885346,0.0,20.481905365090334,14.954352041715822,0.0,0.0,95.80742567973864,0.5707749789142433,17.83
184,MC 18,29.856646545706255,15.04089719234986,3.3506864136010868,0.0,19.778000947217183,28.880827596263067,0.0,0.0,92.70550440982637,0.622048542512165,18.05
185,MC 19,45.50986804425009,28.251940676900887,5.734882151180296,0.0,0.0,15.209571757348455,0.0,0.0,104.8172011791835,0.4844795418490279,33.24
186,MC 20,35.21906729882022,29.272250266999873,3.1940660038296897,0.0,0.0,29.366247811430515,0.0,0.0,100.39024162047775,0.5308618636011343,32.47
187,MC 21,52.20964959479678,30.31045429219045,7.454976582897805,3.1434026843631364,0.0,0.0,0.0,0.0,106.57081451590791,0.36668442767835646,30.97
188,MC 22,48.188744931822846,32.904368424272974,6.554107798947009,6.3028331843907015,0.0,0.0,0.0,0.0,103.43749447918692,0.3128956104321125,29.14
189,MC 23,41.627377249585436,30.740922531529918,4.864487573168529,3.0300619969594327,0.0,15.246854427370355,0.0,0.0,101.89421120451412,0.430529440611055,30.92
190,MC 24,37.72580566594722,33.24213667209056,3.9898153764462196,6.075015458341713,0.0,15.28432032583932,0.0,0.0,99.11660714083743,0.37926275077189114,29.98
191,MC 25,31.781670169108935,31.141428590505303,2.454306172334558,2.924610240278677,0.0,29.432471437925244,0.0,0.0,97.89724306943555,0.48509607055248155,31.05
192,MC 26,27.9928527564178,33.55633924622427,1.604430470709161,5.863092293803941,0.0,29.502272490651762,0.0,0.0,95.40915200634043,0.4362078122713622,30.57
193,MC 27,51.05445836434646,25.438022519019064,6.270799706734239,0.0,0.0,11.448288911376315,0.0,0.0,110.87217659113779,0.5747472861786314,30.67
194,MC 28,46.27957418548048,23.315615295033343,4.343993650816079,0.0,0.0,22.0509765756091,0.0,0.0,111.80480705363193,0.7172407464168085,26.96
195,MC 29,47.986196430395744,27.121270519638575,5.948813877605278,0.0,0.0,13.452506362263222,0.0,0.0,107.51668634593051,0.5233766626129686,31.87
196,MC 30,40.27447350141555,26.028725903816866,3.8245620266855953,0.0,0.0,26.34187362037222,0.0,0.0,104.99226193584687,0.6115319079906063,29.84
197,MC 31,48.521700862667544,27.4338007977258,6.926618110541282,0.0,10.724078896258039,0.0,0.0,0.0,102.94780866048393,0.40797251970234893,28.48
198,MC 32,40.94664206807364,27.142266673260764,5.522973142727809,0.0,21.289989061112113,0.0,0.0,0.0,96.92132907185601,0.3944482958673646,25.34
199,MC 33,38.17263026194557,27.962867833761816,4.37984442211724,0.0,10.341113006298976,15.100611163152795,0.0,0.0,98.7322339736638,0.466138169326526,28.99
200,MC 34,28.537222225684097,28.455450884686872,2.0086939477675543,0.0,9.984556098331979,29.159897814820987,0.0,0.0,95.10631739491564,0.5161678352568542,29.02
201,MC 35,30.93977190322651,27.677907336117926,3.044083437422108,0.0,20.535113509656743,14.993200640571708,0.0,0.0,93.38789919344113,0.45002921889535363,26.42
202,MC 36,21.61822612270105,28.176864440435487,0.7349614550012112,0.0,19.831935903115056,28.959586120284555,0.0,0.0,90.32061733984713,0.49827762412088383,26.19
203,MC 37,40.928865473323796,26.02030783736776,3.82332510800589,0.0,0.0,25.698278404681744,0.0,0.0,105.8681048073104,0.6221983345085494,30.02
204,MC 38,14.017183037154386,85.97804026919265,0.0,0.0,0.0,0.0,0.0,0.0,213.959797633295,0.0,101.5
205,MC 39,14.772811448474775,85.22263768824027,0.0,0.0,0.0,0.0,0.0,0.0,203.02152585689515,0.0,100.1
206,MC 40,15.537029234266424,84.45864829987411,0.0,0.0,0.0,0.0,0.0,0.0,193.04052957703232,0.0,98.2
207,MC 41,16.30998368730639,83.68592485533776,0.0,0.0,0.0,0.0,0.0,0.0,183.8964115389647,0.0,95.4
208,MC 42,11.981246628848977,78.30245771566898,0.0,0.0,9.711781244544273,0.0,0.0,0.0,185.78895635953046,0.12888155012971014,87.9
209,MC 43,10.684212452488879,69.82579690596066,0.0,0.0,19.485964939797462,0.0,0.0,0.0,157.5726947412953,0.21931828608559198,77.5
210,MC 44,9.378817401976855,61.29449428684572,0.0,0.0,29.32315446890088,0.0,0.0,0.0,136.68080821053022,0.2862794608636852,68.3
211,MC 45,13.676043291182053,83.47418782059712,0.0,2.845211476672742,0.0,0.0,0.0,0.0,196.58378301812272,0.0,92.7
212,MC 46,14.092581173156713,80.13935518252066,0.0,5.763960260363138,0.0,0.0,0.0,0.0,173.42704555301862,0.0,86.9
213,MC 47,14.520025837302123,76.7172020515589,0.0,8.759134643194573,0.0,0.0,0.0,0.0,154.7239833937258,0.0,80.3
214,MC 48,13.439766116194665,81.87289758102037,0.0,0.0,0.0,4.682616043483676,0.0,0.0,208.9710182206758,0.1270819535770462,98.7
215,MC 49,13.607419581000995,77.08117706357422,0.0,0.0,0.0,9.306959355594095,0.0,0.0,194.4980684666573,0.23508904129360217,92.7
216,MC 50,13.936544362635242,67.67442862101377,0.0,0.0,0.0,18.385125348514663,0.0,0.0,171.2187449601904,0.4088153361179822,83.6
217,MC 51,14.257676498069292,58.49611880231608,0.0,0.0,0.0,27.24283219348593,0.0,0.0,153.31429822034224,0.5424306102959535,74.9
218,MC 52,14.415335757762055,53.990043665080556,0.0,0.0,0.0,31.59150786204265,0.0,0.0,145.82768669591087,0.598300845552904,67.8
219,MC 53,14.57110364121807,49.53802614204536,0.0,0.0,0.0,35.888014176024996,0.0,0.0,139.11590444195565,0.6483887728212263,59.1
220,MC 54,14.725013980648608,45.139099271381845,0.0,0.0,0.0,40.133284320799106,0.0,0.0,133.0645829538109,0.6935478884043962,52.2
221,MC 55,14.877099806144162,40.792319016755954,0.0,0.0,0.0,44.32822935703551,0.0,0.0,127.58080665911064,0.7344715920961894,45.6
222,MC 56,15.027393369306012,36.49676359191199,0.0,0.0,0.0,48.47373887253284,0.0,0.0,122.58830813176291,0.771729043792814,38.9
223,PRF 84,60.12025295046403,21.423709702437932,9.597139420490988,0.0,0.0,0.0,0.0,0.0,111.5267103343239,0.49400187147102426,26.9
224,PRF 84 + Meth (1.5),59.87880686064955,21.078948061466328,9.427946136298042,0.0,0.0,0.0,0.9115794311571024,0.0,106.95971350643015,0.46542019278115093,25.0
225,PRF 84 + Meth (3.5),59.6056173930113,20.545670879814256,9.218513928764503,0.0,0.0,0.0,2.1208003257042374,0.0,101.46559861462143,0.43170555420891515,23.0
226,PRF 84 + Meth (7.0),59.06105708518708,19.733201085545367,8.832528713590696,0.0,0.0,0.0,4.22010968774699,0.0,93.1371996458977,0.3796786108503787,19.0
227,PRF 70 + Eth (2.0),54.62770759521002,29.474909190072786,7.828163474650215,0.0,0.0,0.0,0.8432226865436864,0.0,106.10317100395994,0.38335060052204545,31.6208392921919
228,PRF 70 + Eth (5.0),53.861797231971394,29.508465702914386,7.5559757535972745,0.0,0.0,0.0,2.0990144620425366,0.0,101.49231706961051,0.3539416093635618,29.1354079328172
229,PRF 70 + Eth (10),52.599777560915726,29.56375804694151,7.107481680823385,0.0,0.0,0.0,4.168230390559338,0.0,94.71059853886861,0.3106863895822277,25.399940333052
230,PRF 70 + Eth (15),51.35554780009414,29.618270969015516,6.665309751418704,0.0,0.0,0.0,6.208277862777435,0.0,88.85687649351338,0.2733501255566872,22.7631487596849
231,PRF 70 + Eth (20),50.128734422167064,29.672020834334717,6.229327221970681,0.0,0.0,0.0,8.219769316631528,0.0,83.75287095714953,0.24079571029457034,19.8236840721155
232,PRF 84 + Eth (2.0),59.48633129109975,21.64049603906844,9.376285005978852,0.0,0.0,0.0,0.8418553506417098,0.0,108.01896104854822,0.467453799157346,25.4185428884854
233,PRF 84 + Eth (5.0),58.55978598797303,21.934955843921394,9.052957685422902,0.0,0.0,0.0,2.095724157676914,0.0,103.19167664284416,0.43116456098562045,23.3638856680458
234,PRF 84 + Eth (10),57.02118375282789,22.43903857998915,8.516400838000534,0.0,0.0,0.0,4.162083747951175,0.0,96.1095028659991,0.3777724849605275,20.5527092315159
235,PRF 84 + Eth (15),55.50398990052026,22.936107419970558,7.987309737176818,0.0,0.0,0.0,6.199691646476853,0.0,90.0174543612325,0.33184490295477326,17.9781025211394
236,PRF 84 + Eth (20),54.007760698117906,23.4263077413423,7.465529639940351,0.0,0.0,0.0,8.209143791423726,0.0,84.72146009769827,0.2919187253069493,15.4033837527206
237,PRF 70 + Meth (1)+ Eth (0.5),54.93637862560488,29.091882423513063,7.8790772843851435,0.0,0.0,0.0,0.8196672501413836,0.0,105.68620871284051,0.38432760292713647,31.86
238,PRF 84 + Meth (1)+ Eth (0.5),59.79774719725469,21.25285711318352,9.428150402679053,0.0,0.0,0.0,0.818337222871321,0.0,107.58882714833973,0.468167835693409,26.34
239,PRF 84 + Meth (10)+ Eth (6.0),56.80687644615345,19.60469915922863,7.883458209072389,0.0,0.0,0.0,8.427927838709476,0.0,81.18032644527332,0.2953761742754614,15.86
240,TPRF 25-38,38.793965673978356,28.579719083887525,4.0927356582520105,0.0,0.0,24.755669745495652,0.0,0.0,101.8698660534233,0.5199414496688356,32.1
241,TPRF 25-38 + but 5%,37.77559486871328,30.128404293414995,3.867734026237214,0.0,0.0,23.39470569615004,1.2627953327401598,0.0,99.80343638015597,0.4813900465907669,30.4
242,TPRF 25-38 + but 10%,36.76783640079682,31.660950813768203,3.645077113071963,0.0,0.0,22.047924113089127,2.512431205287615,0.0,97.83944582813521,0.44474975227445634,28.8
243,TPRF 25-38 + but 20%,34.78349977993084,34.67862645762069,3.206652350840729,0.0,0.0,19.396030727265295,4.973038884199509,0.0,94.18975191250414,0.3766609016964443,25.7
244,PRF 70 + 2-methylbutan-1-ol 5%,53.90932557985822,29.590423921779372,8.406695107570606,0.0,0.0,0.0,1.1311344558342167,0.0,107.90227642089789,0.3971314137788583,29.2
245,PRF 70 + 2-methylbutan-1-ol 10%,52.69865877960981,29.726007095772847,8.79539864554324,0.0,0.0,0.0,2.2420821632213626,0.0,106.43190291168202,0.3899553774947298,28.1
246,PRF 70 + 2-methylbutan-1-ol 20%,50.34100704146114,29.990041680485866,9.552359662181093,0.0,0.0,0.0,4.40554100489126,0.0,103.68053102201378,0.37652753457751104,24.9
247,PRF 84 + 2-methylbutan-1-ol 5%,58.59847804261641,22.030910715448798,9.899554054980756,0.0,0.0,0.0,1.1293646560309742,0.0,109.8104069272633,0.47984918848856434,23.6
248,PRF 84 + 2-methylbutan-1-ol 10%,57.103573113242504,22.62739038060155,10.196628954482806,0.0,0.0,0.0,2.238788121127595,0.0,108.17507642145854,0.4663642101770438,21.9
249,PRF 84 + 2-methylbutan-1-ol 20%,54.19157592212547,23.789301800754984,10.775315435410828,0.0,0.0,0.0,4.3998874329572155,0.0,105.12544562365821,0.441216874503608,18.9
250,TPRF 25-38 + 2-methylbutan-1-ol 5%,38.533853097589635,28.758342132987856,4.683150412355989,0.0,0.0,23.386769229628744,1.0682167130755362,0.0,100.98970146829477,0.505984236668025,29.5
251,TPRF 25-38 + 2-methylbutan-1-ol 10%,38.276624802428486,28.9349845046658,5.267018300424541,0.0,0.0,22.033047887776224,2.1245884109838573,0.0,100.13412730604759,0.4924169663844451,27.7
252,TPRF 25-38 + 2-methylbutan-1-ol 20%,37.770631264665,29.282457548050346,6.415544274541144,0.0,0.0,19.370143907944673,4.202576185551985,0.0,98.49274017746741,0.46638866422657443,25.4
253,PRF 60 + BOH 5,49.75141060011484,36.459259163324546,6.474024955498282,0.0,0.0,0.0,1.3386994418038416,0.0,105.179389933637,0.31427722856974644,33.8
254,PRF 60 + BOH 10,47.958421012086504,37.693293977567755,6.080290086590794,0.0,0.0,0.0,2.6542639241969037,0.0,102.55149853911027,0.2877890122764842,32.0
255,PRF 60 + BOH 20,44.46382021795199,40.098471938799605,5.312886753771881,0.0,0.0,0.0,5.218346122778676,0.0,97.78950484439594,0.2397897992057088,28.4
256,PRF 60 + BOH 30,41.08596922323929,42.42329621699595,4.571121309358596,0.0,0.0,0.0,7.696765866613715,0.0,93.58887930511338,0.19744897869719705,24.9
257,PRF 60 + BOH 50,34.657870507901805,46.847470042144316,3.1595310681732154,0.0,0.0,0.0,12.413234057883992,0.0,86.51654262896588,0.12616232508330003,19.4
258,PRF 60 + BOH 70,28.632378566294285,50.99454757038708,1.8363520070271766,0.0,0.0,0.0,16.83429887624764,0.0,80.79352345446014,0.06847631490018237,15.1
259,PRF 70 + BOH 5,53.11191526183851,31.041510468173847,7.544571671151385,0.0,0.0,0.0,1.3372004438720364,0.0,106.4730600852902,0.3707509074739752,29.5
260,PRF 70 + BOH 10,51.116648395563104,32.603395545090926,7.086211257159933,0.0,0.0,0.0,2.6514723989328957,0.0,103.70817551529235,0.33918371113660745,27.21
261,PRF 70 + BOH 15,49.155302825230514,34.13872719859468,6.635643374340265,0.0,0.0,0.0,3.9434005719711522,0.0,101.12676826409124,0.3097113091384895,26.55
262,PRF 70 + BOH 20,47.22702080415681,35.64817686856519,6.19267097780992,0.0,0.0,0.0,5.2135499562868475,0.0,98.71116155539742,0.2821318824692382,24.5
263,PRF 70 + BOH 30,43.46635862130581,38.5920047053327,5.328757130420017,0.0,0.0,0.0,7.690678666696059,0.0,94.31731101646005,0.23196648166200184,21.3
264,PRF 70 + BOH 50,36.30709779489799,44.19623882334664,3.684104070856752,0.0,0.0,0.0,12.406446708631174,0.0,86.94932028453046,0.1478447745315998,17.1
265,PRF 70 + BOH 70,29.593061318090857,49.45195351307002,2.1417296691769736,0.0,0.0,0.0,16.828947776468397,0.0,81.01413894916259,0.0800817161585757,14.0
266,PRF 84 + BOH 5,57.80399823992023,23.477013765764156,9.039315624037545,0.0,0.0,0.0,1.3351074776696341,0.0,108.33350530925904,0.45196649868403366,23.9
267,PRF 84 + BOH 10,55.52702273133541,25.4954977617552,8.490951440751289,0.0,0.0,0.0,2.6475741136332207,0.0,105.36780084086735,0.4129259447808726,22.81
268,PRF 84 + BOH 15,53.288335676306076,27.480039965029704,7.951808268619563,0.0,0.0,0.0,3.937970983082071,0.0,102.60612072587199,0.37657116886106123,21.25
269,PRF 84 + BOH 20,51.08697936845499,29.431489359245198,7.421655463143376,0.0,0.0,0.0,5.206850115523078,0.0,100.02811142045135,0.34263423673454174,20.21
270,PRF 84 + BOH 30,46.792585249688,33.23836640668283,6.387436203968928,0.0,0.0,0.0,7.682172744734368,0.0,95.35438344493082,0.28110924970305534,17.96
271,PRF 84 + BOH 50,38.61298836726338,40.48938221189623,4.417543270500648,0.0,0.0,0.0,12.39695687980235,0.0,87.56172448697026,0.1785266338896218,15.17
272,PRF 84 + BOH 70,30.936991579936034,47.29396865126843,2.5689323858773028,0.0,0.0,0.0,16.821461949420883,0.0,81.32479454260401,0.09642364545014454,13.09
273,PRF 60 + POH 5,50.03968803585545,35.86577392821716,6.477287288339354,0.0,0.0,0.0,1.6376382695981817,0.0,103.22241837075799,0.3085851961774879,33.5
274,PRF 60 + POH 10,48.528484865247485,36.51723047354547,6.086367997609356,0.0,0.0,0.0,3.248584125642249,0.0,98.92167796483517,0.27788018540076526,30.1
275,PRF 60 + POH 15,47.04171418360074,37.158154547024864,5.701768923406989,0.0,0.0,0.0,4.833484895485856,0.0,95.02643313479967,0.25007019846932904,25.0
276,PRF 60 + POH 20,45.57878822121343,37.788799527173055,5.3233380209778485,0.0,0.0,0.0,6.392967142905319,0.0,91.48191744572841,0.2247642320172936,20.4
277,PRF 60 + POH 30,42.7222121535158,39.020225726326146,4.584396552339052,0.0,0.0,0.0,9.438083423915298,0.0,85.27124633398395,0.1804233266340785,16.2
278,PRF 60 + POH 50,37.27132290528179,41.3700206100897,3.1743559964353927,0.0,0.0,0.0,15.248743179654928,0.0,75.49159365667643,0.1106017813867084,13.7
279,PRF 60 + POH 70,32.14415815749834,43.58026281900224,1.8480567630549949,0.0,0.0,0.0,20.714311916103636,0.0,68.14074299723463,0.05812059735490695,9.2
280,PRF 70 + POH 5,53.4015612371395,30.44596311284838,7.548369205163088,0.0,0.0,0.0,1.6358036143157508,0.0,104.470949667204,0.36396244583172255,28.8
281,PRF 70 + POH 10,51.68926577426259,31.423487607540014,7.0932872385696815,0.0,0.0,0.0,3.245164134137504,0.0,100.00234603685176,0.3273901684477985,26.1
282,PRF 70 + POH 15,50.00442798260981,32.385336918380105,6.645502780665434,0.0,0.0,0.0,4.828717605472365,0.0,95.9634601780862,0.2943348191334224,24.34
283,PRF 70 + POH 20,48.34639266540058,33.33188508765034,6.204841697811681,0.0,0.0,0.0,6.387079837831162,0.0,92.29515079451153,0.26431236930258556,21.7
284,PRF 70 + POH 30,45.108211264069624,35.18051559954669,5.344220390185275,0.0,0.0,0.0,9.430597394414075,0.0,85.88339931841911,0.21183683714580903,17.8
285,PRF 70 + POH 50,38.92684863537571,38.70936532853424,3.701380867287331,0.0,0.0,0.0,15.240366320979714,0.0,75.827772587588,0.1295388307683291,11.85
286,PRF 70 + POH 70,33.10983886470784,42.030211327351935,2.1553765102583813,0.0,0.0,0.0,20.70768552569297,0.0,68.30203404060431,0.06794612297260934,8.49
287,PRF 84 + POH 5,58.09554868311057,22.87859742006667,9.043858407211797,0.0,0.0,0.0,1.633241992164111,0.0,106.26559517731323,0.44356199831155835,23.5
288,PRF 84 + POH 10,56.10319491499527,24.31023910381299,8.499417656329038,0.0,0.0,0.0,3.2403882257153813,0.0,101.55158537931926,0.3983673866774733,21.4
289,PRF 84 + POH 15,54.14242245215625,25.719187471851942,7.963606973978101,0.0,0.0,0.0,4.82205917639388,0.0,97.30355838266391,0.35764029052110813,18.91
290,PRF 84 + POH 20,52.21248629425935,27.105977857591586,7.436222777568475,0.0,0.0,0.0,6.378855803979013,0.0,93.45567430907847,0.32074948338008785,17.3
291,PRF 84 + POH 30,48.44225824120405,29.815143129525048,6.405951033135043,0.0,0.0,0.0,9.420136881701017,0.0,86.75365441601375,0.25649522867746327,13.7
292,PRF 84 + POH 50,41.24153122398506,34.989355217813426,4.438243647581212,0.0,0.0,0.0,15.2286541690208,0.0,76.30285416680228,0.156300303599135,9.27
293,PRF 84 + POH 70,34.46075436249552,39.86180455811013,2.5852939831598842,0.0,0.0,0.0,20.69841569827142,0.0,68.52895369664728,0.08176961153731595,8.4
294,Face A gasoline,57.18,16.99,25.1,0.0,0.32,0.41,0.0,0.0,99.78,0.42,26.4
295,Face C gasoline,53.82,33.12,9.44,0.0,2.8,0.82,0.0,0.0,97.71,0.31,26.5
296,Face F gasoline,48.58,21.14,6.01,1.95,9.82,12.49,0.0,0.0,95.6,0.68,19.5
297,Face G gasoline,37.11,18.01,7.01,1.65,12.7,23.51,0.0,0.0,98.97,0.76,18.0
298,Face I gasoline,58.56,30.55,7.38,1.42,1.61,0.48,0.0,0.0,95.44,0.38,31.8
299,Face J gasoline,25.38,34.05,7.25,0.0,0.81,32.51,0.0,0.0,94.5,0.68,29.7
300,Face A (98.5)+ Meth (1.5),57.0016974825409,16.696030104645317,24.665706628993377,0.0,0.3144631920827841,0.40290596485606706,0.9191966268815402,0.0,96.25245250974044,0.3981414879623928,25.7
301,Face A (96.5)+ Meth (3.5),56.765253468264746,16.306201496925567,24.089797385098986,0.0,0.30712092283791537,0.393498682386079,2.1381280444867112,0.0,91.9420824749116,0.3714322018215236,24.5
302,Face A (93)+ Meth (7),56.354992851882336,15.62979898626695,23.090521162760474,0.0,0.2943811462981415,0.37717584369449375,4.253130009097605,0.0,85.31305599320228,0.3303553189310262,21.0
303,Face I (98.5)+ Meth (1.5),58.36124165085729,30.030353652861795,7.25446841106776,1.395846225435802,1.5826143823603107,0.47183534380928516,0.9036403336077604,0.0,92.32658764384632,0.3613509348149685,30.6
304,Face I (96.5)+ Meth (3.5),58.09748873737193,29.34078142291079,7.0878876236033275,1.363794095598472,1.5462735872630564,0.4610008210473708,2.102773712205048,0.0,88.4956927888588,0.3384042127958125,29.5
305,Face J (98.5)+ Meth (1.5),25.723804240996294,33.50538337260181,7.134039044092898,0.0,0.7970443621676205,31.990015079097947,0.8497139010434197,0.0,91.63729830072825,0.6488538055119234,29.2
306,Face J (96.5)+ Meth (3.5),26.18113129411764,32.78093647058823,6.979788235294117,0.0,0.7798108235294119,31.298333176470585,1.9800000000000002,0.0,88.08773132282386,0.6102345167923235,27.9
307,Face J (93)+ Meth (7.0),26.978501408450704,31.51783098591549,6.710845070422535,0.0,0.7497633802816903,30.092354929577464,3.9507042253521134,0.0,82.51498847040737,0.5496030745580323,26.1
308,Face J (89.5)+ Meth (10.5),27.77213676814988,30.260641686182666,6.443161592505854,0.0,0.719856674473068,28.892025292740048,5.912177985948477,0.0,77.6270289767945,0.49642207526752435,25.0
309,Face J (86)+ Meth (14),28.562063551401863,29.00932710280373,6.176728971962615,0.0,0.6900897196261683,27.697304672897193,7.8644859813084125,0.0,73.3049388309923,0.4493977344811962,22.9
310,Face A + BoH 5,55.017461121157325,19.319518987341773,23.629403254972875,0.0,0.30125135623869803,0.3859783001808318,1.3458010849909585,0.0,97.78409758185352,0.38748335858721805,24.1
311,Face A + BoH 10,52.89367741935485,21.60729032258065,22.185161290322586,0.0,0.2828387096774194,0.36238709677419356,2.667483870967742,0.0,95.90018133004415,0.35679116208760825,23.4
312,Face A + BoH 15,50.8076163410302,23.854426287744225,20.766571936056838,0.0,0.264753108348135,0.3392149200710479,3.965690941385435,0.0,94.11908345207742,0.32777405158543493,21.36
313,Face A + BoH 20,48.75828169014084,26.062000000000005,19.372957746478875,0.0,0.24698591549295776,0.3164507042253521,5.241042253521127,0.0,92.43261027329682,0.30029853819956004,20.45
314,Face A + BoH 30,44.765979238754326,30.36256747404844,16.658062283737024,0.0,0.21237370242214534,0.27210380622837366,7.7255501730103795,0.0,89.31489678306582,0.24950568847508287,18.92
315,Face A + BoH 50,37.181939799331104,38.532207357859534,11.50066889632107,0.0,0.14662207357859533,0.18785953177257522,12.445284280936454,0.0,83.93666119694203,0.16188509320076222,15.61
316,Face A + BoH 70,30.088776699029125,46.173067961165046,6.677087378640777,0.0,0.08512621359223302,0.10906796116504854,16.859533980582526,0.0,79.46146722045253,0.0889765800073723,13.18
317,Face I + BoH 5,56.353005052302,32.0601401835907,6.954624635309187,1.3381527076069166,1.5172013093289691,0.4523333096136056,1.3239664128655806,0.0,93.87235845962181,0.3522153085194163,29.9
318,Face I + BoH 10,54.181219822109284,33.546188055908516,6.536035578144855,1.2576111817026683,1.4258831003811945,0.4251080050825921,2.6268106734434564,0.0,92.37919943624144,0.3257507362766672,28.0
319,Face I + BoH 15,52.04380838994327,35.008715596330276,6.124071713705442,1.1783444218782828,1.3360102248056587,0.39831360739547583,3.9090342460956653,0.0,90.95533783596086,0.30051438328661984,26.8
320,Face I + BoH 20,49.93996108949416,36.44827682045581,5.718576987215119,1.1003224013340744,1.2475486381322956,0.3719399666481378,5.17112284602557,0.0,89.59605892988608,0.27642268625730915,25.0
321,Face I + BoH 30,45.829845396087016,39.26063072923793,4.926394855657409,0.9478971131481734,1.0747284170201121,0.32041592557121357,7.636762895060883,0.0,87.05443597701854,0.23137526451805268,21.7
322,Face I + BoH 50,37.97944260119443,44.632282680822826,3.4133112143331124,0.6567617783676177,0.7446383543463835,0.2220039814200398,12.346184472461845,0.0,82.58003233905731,0.1520714686959787,17.9
323,Face I + BoH 70,30.586246617703903,49.69109006571318,1.9883494395052186,0.3825821414766138,0.43377270970235793,0.1293235407808272,16.78132972555083,0.0,78.76734879694567,0.08449592084138789,14.5
324,Face J + BoH 5,25.102357123691974,35.28336463643681,6.856083981754762,0.0,0.7659900724443253,30.743626240944458,1.2480346122887043,0.0,93.09869913921898,0.6335178251058005,27.8
325,Face J + BoH 10,24.827235576923073,36.505528846153844,6.465745192307692,0.0,0.7223798076923078,28.99329326923077,2.4847355769230774,0.0,91.75052434043492,0.5887978805607683,26.5
326,Face J + BoH 15,24.55460116990162,37.71664450943898,6.07893512363733,0.0,0.6791637862270674,27.25878356819995,3.7102565806966226,0.0,90.45251063778566,0.5457418162777682,25.21
327,Face J + BoH 20,24.284420328215987,38.91686077289571,5.695606140815246,0.0,0.6363366860772897,25.539883536262572,4.924748544203283,0.0,89.20190966888043,0.5042584670653022,24.24
328,Face J + BoH 30,23.751288037775446,41.28517838405037,4.939205141657922,0.0,0.5518284365162646,22.148077124868834,7.32123557187828,0.0,86.83292100372806,0.4256773796358578,21.95
329,Face J + BoH 50,22.713054123711338,45.89729381443299,3.466172680412371,0.0,0.38725515463917537,15.54279639175258,11.988208762886597,0.0,82.5628627722456,0.2840364236647319,18.02
330,Face J + BoH 70,21.710585106382975,50.35053191489361,2.043882978723404,0.0,0.22835106382978726,9.165053191489362,16.49441489361702,0.0,78.82034833178453,0.15989448124943795,14.7
331,Face A + PoH 5,55.30993631495151,18.714201042118972,23.641373570704875,0.0,0.3014039658416558,0.3861738312346214,1.646330149080909,0.0,96.07823453426941,0.3809165033784101,23.8
332,Face A + PoH 10,53.47154133180253,20.40920350172216,22.207448335246845,0.0,0.2831228473019518,0.3627511481056257,3.2647804247990817,0.0,92.69746409152913,0.3452220944806996,21.8
333,Face A + PoH 15,51.66401736160523,22.075742849010958,20.797602106161946,0.0,0.26514871211043123,0.3397217873914899,4.856053080973389,0.0,89.59767153465297,0.31249426959663773,19.6
334,Face A + PoH 20,49.88659328252892,23.7145300592718,19.411233418007335,0.0,0.24747389218176682,0.31707592435788867,6.420826982782952,0.0,86.74522603854503,0.2823779521415011,18.2
335,Face A + PoH 30,46.41908661854524,26.91157551360355,16.70662132148806,0.0,0.2129927817878956,0.2728970016657412,9.473482787340366,0.0,81.67270544917511,0.22882192781934488,14.9
336,Face A + PoH 50,39.81404569892473,33.0014314516129,11.554771505376344,0.0,0.14731182795698924,0.18874327956989242,15.288299731182796,0.0,73.48715519635081,0.14239832032346245,10.04
337,Face A + PoH 70,33.615151120375195,38.716819958311625,6.71971078686816,0.0,0.0856696195935383,0.10976420010422093,20.745561490359563,0.0,67.1691559989662,0.07569244644459047,8.6
338,Face I + PoH 5,56.641398262850636,31.470997436992736,6.958090559589919,1.3388195927666238,1.5179574256015946,0.45255873558308407,1.6196062936067213,0.0,92.32245529455808,0.34657260191681916,29.9
339,Face I + PoH 10,54.751537591859815,32.37819813453929,6.542501413227813,1.258855285472018,1.427293668739401,0.42552854720180894,3.2149505370265694,0.0,89.44452047767075,0.31571438435425747,28.0
340,Face I + PoH 15,52.88977696731661,33.27190980502175,6.133091597699538,1.1800799551129193,1.3379779772759155,0.3989002665170431,4.786573853275355,0.0,86.77959374312061,0.2871401134984716,26.8
341,Face I + PoH 20,51.055494291283765,34.15243107769424,5.729724310776943,1.1024672793093846,1.2499805068226122,0.37266499582289053,6.335001392369815,0.0,84.30487058126671,0.2606052714695641,25.0
342,Face I + PoH 30,47.46696487376509,35.875053512623495,4.940590010976949,0.9506284302963777,1.0778251920965973,0.32133918770581776,9.364293358946213,0.0,79.8500088854031,0.21283869572384811,21.7
343,Face I + PoH 50,40.59421333333333,39.174220000000005,3.4292399999999996,0.6598266666666666,0.7481133333333332,0.22303999999999996,15.165993333333335,0.0,72.51158044449727,0.1341535149240678,17.9
344,Face I + PoH 70,34.09932053941908,42.292000778008294,2.0009828838174273,0.3850129668049792,0.4365287863070539,0.1301452282157676,20.648720176348547,0.0,66.71719701821453,0.07202412152713109,14.5
345,Face J + PoH 5,25.35952217971948,34.72954029930877,6.85930474464801,0.0,0.7663499094020536,30.758068586000938,1.526675390913362,0.0,91.65981295636028,0.6240195017485505,25.92
346,Face J + PoH 10,25.339211335382966,35.4035396337388,6.47179521454351,0.0,0.7230557412110682,29.020422403422003,3.04090228579067,0.0,89.00654372397382,0.5717231806464406,24.2
347,Face J + PoH 15,25.31906543300273,36.07206549956733,6.087432603341544,0.0,0.680113159821607,27.296887439259805,4.542832323770219,0.0,86.5223280468425,0.5227589296189247,22.6
348,Face J + PoH 20,25.29908247149297,36.73518430124635,5.706178732431715,0.0,0.6375178997613367,25.58729249535932,6.032614691063379,0.0,84.19150783478727,0.4768181254392856,21.27
349,Face J + PoH 30,25.259597527291856,38.04546100223595,4.952847560173615,0.0,0.5533526239642248,22.209251611206103,8.97632118900434,0.0,79.93652771558186,0.3929518506259614,18.46
350,Face J + PoH 50,25.182498381877025,40.603935275080914,3.4818770226537215,0.0,0.3890097087378641,15.613216828478963,14.724265372168286,0.0,72.75660591261882,0.25143455132118253,12.9
351,Face J + PoH 70,25.10779661016949,43.082854594112405,2.0566458519179305,0.0,0.2297769848349688,9.222283675289919,20.293479036574485,0.0,66.93171586978156,0.13662512438989716,8.9
352,DEE 25% + n-heptane 75%,32.718086530045355,61.7039047749944,0.0,0.0,0.0,0.0,0.0,5.575429865235349,91.69201309272052,0.0,62.2
353,DEE 50% + n-heptane 50%,35.379629762194504,53.58038999527538,0.0,0.0,0.0,0.0,0.0,11.034876229472989,84.79389485295735,0.0,79.4
354,DEE 75% + n-heptane 25%,37.98637590597036,45.62412591128398,0.0,0.0,0.0,0.0,0.0,16.381920976003737,78.97483195063384,0.0,106.2
355,DEE 50% + iso-octane 50% ,52.977316364055866,25.244996877379265,5.61710901504726,0.0,0.0,0.0,0.0,10.970479809841011,89.4621044048484,0.23193156607272614,66.6
356,DEE 75% + iso-octane 25%,46.71283875604507,31.583861946876766,2.78786091871243,0.0,0.0,0.0,0.0,16.33447303912911,80.9433475462777,0.10415021319416552,93.4
357,DEE 25% + iso-octane 75%,59.335488720726325,18.811324482093806,8.48867280087277,0.0,0.0,0.0,0.0,5.5262599393422285,100.16106065504857,0.39241590982572866,44.3
358,DEE 40% + MeOH 60%,44.498958442924774,14.188737506575485,0.0,0.0,0.0,0.0,33.19963177275118,8.108921620199894,40.654287984972186,0.0,11.1
359,DEE 50% + MeOH 50%,43.873767441860466,17.922119601328905,0.0,0.0,0.0,0.0,27.956810631229235,10.242564784053156,43.76891334250344,0.0,20.2
360,DEE 80% + MeOH 20%,41.91687156970362,29.607892425905604,0.0,0.0,0.0,0.0,11.546377607025248,16.921031833150387,57.57574463542223,0.0,66.1
361,DEE 90% + MeOH 10%,41.23598002496878,33.67389513108614,0.0,0.0,0.0,0.0,5.83645443196005,19.244769038701623,64.67430441898527,0.0,97.2
362,DEE 10% + EtOH 90%,33.32449705656514,31.114311492193504,0.0,0.0,0.0,0.0,33.587530074225754,1.972748912208856,47.64497592571363,0.0,7.8
363,DEE 20% + EtOH 80%,34.06322563970017,31.801868699922455,0.0,0.0,0.0,0.0,30.148813646937185,3.984249159989661,49.447987925299046,0.0,8.2
364,DEE 25% + EtOH 75%,34.43805844155844,32.15073701298701,0.0,0.0,0.0,0.0,28.403999999999996,5.00488961038961,50.41604954894305,0.0,9.2
365,DEE 30% + EtOH 70%,34.8166092404072,32.50306577916993,0.0,0.0,0.0,0.0,26.64187940485513,6.035653876272513,51.43295943963273,0.0,10.5
366,DEE 35% + EtOH 65%,35.19893363064008,32.858906741867784,0.0,0.0,0.0,0.0,24.86219307450157,7.07669333683106,52.50251061092207,0.0,11.0
367,DEE 40% + EtOH 60%,35.585088320590565,33.21831268125494,0.0,0.0,0.0,0.0,23.064677036646454,8.128162404429212,53.62889920832053,0.0,16.9
368,DEE 50% + EtOH 50%,36.36912117177098,33.94803595206392,0.0,0.0,0.0,0.0,19.415073235685757,10.263022636484688,56.07132830321109,0.0,23.8
369,DEE 60% + EtOH 40%,37.16918482647296,34.6926795803067,0.0,0.0,0.0,0.0,15.690847457627116,12.441533494753832,58.804216279523715,0.0,35.5
370,DEE 70% + EtOH 30%,37.985776026094044,35.45270589834195,0.0,0.0,0.0,0.0,11.88968741505844,14.665047567273717,61.88265175024213,0.0,48.9
371,DEE 75% + EtOH 25%,38.400430327868854,35.838637295081966,0.0,0.0,0.0,0.0,9.959508196721314,15.794118852459016,63.57259854573287,0.0,56.6
372,DEE 80% + EtOH 20%,38.81941224938204,36.22859653941225,0.0,0.0,0.0,0.0,8.00918429003021,16.93497390826696,65.3765943305658,0.0,67.9
373,DEE 90% + EtOH 10%,39.670632805995,37.02085345545379,0.0,0.0,0.0,0.0,4.046827643630308,19.25278101582015,69.37625576975292,0.0,97.7
374,DEE 90% + BuOH 10%,38.26814445828144,39.95054794520548,0.0,0.0,0.0,0.0,2.574470734744707,19.196836861768368,74.0,0.0,101.9
375,DEE 80% + BuOH 20%,36.056466411796826,42.014926269797925,0.0,0.0,0.0,0.0,5.080748225013654,16.837859093391586,74.0,0.0,71.9
376,Light Naphtha J80,34.58,38.62,6.8,0.0,15.2,4.8,0.0,0.0,81.62,0.33,27.6
377,Heavy Naptha J80,31.46,27.8,4.5,0.0,27.14,9.1,0.0,0.0,112.08,0.45,31.0
378,Satorp gasoline,41.5,28.4,3.11,1.51,3.8,21.68,0.0,0.0,90.82,0.64,19.2
379,LN J80 + DEE (1 % vol.),34.64228078146298,38.6117446615175,6.728941390277148,0.0,15.04116310767833,4.749840981372104,0.0,0.22592457973648344,81.53226748775187,0.3262005604931909,28.0
380,LN J80 + DEE (5 % vol.),34.890839002267576,38.57879818594105,6.445351473922903,0.0,14.407256235827665,4.549659863945578,0.0,1.1275736961451248,81.18400354046386,0.3111182635633964,29.3
381,LN J80 + DEE (10 % vol.),35.20027149321267,38.53778280542986,6.092307692307692,0.0,13.618099547511312,4.300452488687783,0.0,2.250045248868778,80.75458187480868,0.29252126229486375,30.6
382,LN J80 + DEE (20 % vol.),35.81495495495495,38.4563063063063,5.39099099099099,0.0,12.050450450450448,3.8054054054054047,0.0,4.479819819819819,79.9148768782944,0.25615608528046574,36.3
383,HN J80 + DEE (1 % vol.),31.54523744947533,27.894155464563614,4.457756770634471,0.0,26.885226390004348,9.014574802838597,0.0,0.20295524864060674,111.54117833988491,0.4436326221887661,31.5
384,HN J80 + DEE (5 % vol.),31.887244770012536,28.271945489342045,4.288259750544446,0.0,25.862971028839176,8.671814162212103,0.0,1.017294265162014,109.43031780702488,0.4186881043372163,31.6
385,HN J80 + DEE (10 % vol.),32.31714815305177,28.746827750562694,4.075201906527208,0.0,24.57799549847743,8.240963855421688,0.0,2.040918840195949,106.88766328510864,0.38864097894692445,33.9
386,HN J80 + DEE (20 % vol.),33.18503064215294,29.705512922994938,3.6450839328537166,0.0,21.98390620836664,7.37116973088196,0.0,4.107396749267253,102.09850552872763,0.3320464151241448,38.1
387,SATORP + DEE (1 % vol.),41.49092899361234,28.489103739828778,3.0806137188899787,1.4957320628694108,3.7640939330488483,21.475146439078692,0.0,0.2042866230220785,90.62536171715875,0.6325940249097272,20.1
388,SATORP + DEE (5 % vol.),41.454543764112096,28.84651281710718,2.96274073582149,1.4385011289679903,3.6200690662770616,20.65344667286492,0.0,1.0237123123920842,89.85295017691175,0.6032038117255366,20.9
389,SATORP + DEE (10 % vol.),41.40883324453916,29.295523441662226,2.8146576984549814,1.3666022908897177,3.4391315929675015,19.621150772509324,0.0,2.053151305274374,88.90103802312063,0.5669836108678483,22.8
390,SATORP + DEE (20 % vol.),41.316640771497454,30.201122421644786,2.5159924993302973,1.2215912135012055,3.074203053844093,17.539137422984194,0.0,4.1294026252343965,87.04122689478079,0.4962179080059282,26.9
391,LN J80 + DPE (1 % vol.),34.52425059337182,38.79555132299938,6.726673894570282,0.0,15.03609458786298,4.748240396167257,0.0,0.16918920502827672,81.79623291185165,0.32714637581398226,31.5
392,LN J80 + DPE (5 % vol.),34.30213232072441,39.494987585804004,6.434526069811598,0.0,14.383058273696513,4.542018402219951,0.0,0.8432773477435374,82.50600682454748,0.3156534714376512,31.9
393,LN J80 + DPE (10 % vol.),34.02644748327029,40.36310154204247,6.071923188827466,0.0,13.572534186790804,4.286063427407623,0.0,1.6799301716613326,83.40427002721512,0.30110848336697815,32.3
394,LN J80 + DPE (20 % vol.),33.481524249422634,42.07903002309469,5.355196304849885,0.0,11.970438799076213,3.7801385681293302,0.0,3.333672055427252,85.23859711182321,0.271406425569104,37.3
395,HN J80 + DPE (1 % vol.),31.44014109718858,28.06252500789723,4.45640728651153,0.0,26.877087501316204,9.011845846056648,0.0,0.15199326102979888,111.9728050545421,0.4452145113634873,33.9
396,HN J80 + DPE (5 % vol.),31.360579862941485,29.114285714285717,4.281760674749605,0.0,25.823774380600952,8.658671586715867,0.0,0.7609277807063786,111.54539562936911,0.42613373345397854,34.2
397,HN J80 + DPE (10 % vol.),31.260844772967268,30.432734952481525,4.062829989440338,0.0,24.503379091869068,8.21594508975713,0.0,1.5242661034846885,111.01419750503891,0.40241953147495074,35.5
398,HN J80 + DPE (20 % vol.),31.06042372881356,33.08220338983051,3.6228813559322037,0.0,21.850000000000005,7.326271186440679,0.0,3.058220338983051,109.96189060176853,0.3554415447218092,38.2
399,SATORP + DPE (1 % vol.),41.38211284959128,28.658396152674175,3.079675017554086,1.4952762946966784,3.762946966786343,21.468602694717873,0.0,0.1529900239795445,90.91716899366715,0.634437553135333,20.3
400,SATORP + DPE (5 % vol.),40.90997016112989,29.693282938797157,2.9582222664279554,1.4363072740534446,3.614548106889463,20.621948146674622,0.0,0.7657211060274518,91.30842756961297,0.6120399244586484,21.1
401,SATORP + DPE (10 % vol.),40.3184517328376,30.989828708006904,2.806061612003718,1.3624286283362104,3.4286283362103305,19.56122692869473,0.0,1.5333740539105034,91.80338938069215,0.5837057957385536,22.9
402,SATORP + DPE (20 % vol.),39.13092651757188,33.59275825346113,2.500585729499467,1.2141107561235356,3.0553780617678377,17.431735889243875,0.0,3.0745047923322684,92.81344733425465,0.5258849468762992,26.4
403,LN J80 + DIPE (1 % vol.),34.83752091789634,38.20970883460575,6.998558826546313,0.0,15.038518236302627,4.749005758832409,0.0,0.16668742581656731,81.79362143492298,0.3305963444771643,29.3
404,LN J80 + DIPE (5 % vol.),35.8643674632756,36.57370167360959,7.790298180223636,0.0,14.394621062632464,4.545669809252357,0.0,0.8313418110063583,82.4933323243226,0.3329996694162209,27.8
405,LN J80 + DPE (10 % vol.),37.140687745883724,34.540224391665454,8.774391665452429,0.0,13.594288212152122,4.292933119626986,0.0,1.657474865219292,83.37990577168495,0.33604481864661173,27.2
406,LN J80 + DIPE (20 % vol.),39.6694874022589,30.5112539820446,10.724196350999133,0.0,12.008572256009268,3.7921807124239795,0.0,3.2943092962641183,85.19399911981876,0.34227575752636474,25.9
407,HN J80 + DIPE (1 % vol.),31.721120252747976,27.534680444941753,4.700325807937866,0.0,26.880979398407167,9.013150793128414,0.0,0.1497433028368328,111.97439036749307,0.44947614269589825,32.3
408,HN J80 + DIPE (5 % vol.),32.7680118694362,26.470952851961755,5.503478404220243,0.0,25.84250576986482,8.66495219254863,0.0,0.7500989119683482,111.55296788316097,0.44738575338869524,31.0
409,HN J80 + DPE (10 % vol.),34.08207534699273,25.135756774619963,6.511599471249173,0.0,24.53900859220093,8.227891606080634,0.0,1.5036682088565763,111.02846490991581,0.44478405213251887,30.6
410,HN J80 + DIPE (20 % vol.),36.72852589641434,22.44674634794157,8.541899070385126,0.0,21.913837981407706,7.347675962815405,0.0,3.021314741035857,109.98697392024287,0.4396179261916809,28.2
411,SATORP + DIPE (1 % vol.),41.666383993639855,28.12717636146813,3.324992712336028,1.495494236120313,3.7634954286471447,21.471731813965814,0.0,0.15072545382271102,90.91572917466557,0.637944990883744,19.4
412,SATORP + DIPE (5 % vol.),42.333244857332446,27.033709356337088,4.186675514266755,1.4373556735235566,3.617186463171864,20.637000663570003,0.0,0.7548274717982749,91.30144205379278,0.6296649290777939,19.4
413,SATORP + DPE (10 % vol.),43.16981382978723,25.66196808510638,5.267646276595745,1.3644215425531916,3.4336436170212763,19.589840425531914,0.0,1.5126662234042554,91.78996711837449,0.6191778078345364,18.9
414,SATORP + DIPE (20 % vol.),44.853004005340445,22.902002670226967,7.442576769025367,1.2176769025367156,3.0643524699599465,17.482937249666218,0.0,3.037449933244326,92.78890085039632,0.5977337921202939,18.3
415,LN J80 + DBE (5 % vol.),33.93496794871795,40.07777243589744,6.418589743589744,0.0,14.347435897435899,4.5307692307692315,0.0,0.6899038461538461,83.36005902297339,0.3181310566849687,32.1
416,LN J80 + DBE (10 % vol.),33.298152866242035,41.51697452229299,6.04203821656051,0.0,13.505732484076432,4.264968152866242,0.0,1.3710191082802548,85.1522975359537,0.30590619704702926,35.2
417,LN J80 + DBE (15 % vol.),32.669398734177214,42.937958860759494,5.670253164556962,0.0,12.674683544303797,4.00253164556962,0.0,2.043512658227848,86.99909834055742,0.29330916799537105,38.5
418,LN J80 + DBE (20 % vol.),32.04855345911949,44.34106918238993,5.30314465408805,0.0,11.854088050314463,3.743396226415094,0.0,2.70754716981132,88.90299156333822,0.2803227115357254,41.1
419,HN J80 + DBE (5 % vol.),31.03576594345825,29.663491124260357,4.272189349112426,0.0,25.7660486522025,8.639316239316239,0.0,0.6226824457593689,112.86763606406025,0.4302211925877728,34.6
420,HN J80 + DBE (10 % vol.),30.61208935611038,31.524533508541396,4.044678055190539,0.0,24.39390275952694,8.179237844940866,0.0,1.2445466491458606,113.66536354220229,0.4101889735496077,37.1
421,HN J80 + DBE (15 % vol.),30.18896913985555,33.38313197636245,3.8174655285620487,0.0,23.023558765594224,7.719763624425476,0.0,1.8655942219304007,114.47337762588981,0.389898441314151,39.8
422,HN J80 + DBE (20 % vol.),29.766404199475062,35.239291338582674,3.5905511811023616,0.0,21.65501312335958,7.260892388451443,0.0,2.485826771653543,115.29187857319685,0.3693445670793202,42.8
423,SATORP + DBE (5 % vol.),40.56163413827324,30.244637777042676,2.951567978828978,1.4330764141581211,3.606417466093285,20.575560701290108,0.0,0.6265960965927887,92.23613530706878,0.616867621324042,22.7
424,SATORP + DBE (10 % vol.),39.62512888301388,32.08561797752809,2.79345009914078,1.356305353602115,3.413218770654329,19.47331130204891,0.0,1.2519497686715133,93.69419040379891,0.5930504885545863,25.3
425,SATORP + DBE (15 % vol.),38.69047870584351,33.922951469131725,2.6356454275338397,1.279686365137009,3.2204027731924727,18.373245295477055,0.0,1.8760647078243644,95.19605458892997,0.5685177402522925,28.3
426,SATORP + DBE (20 % vol.),37.75767810026385,35.75664907651715,2.4781530343007914,1.2032189973614775,3.0279683377308704,17.275356200527703,0.0,2.4989445910290238,96.74373242551749,0.5432366321508119,31.6
427,LN J80 + DMM (1 % vol.),34.64150223756179,38.36594167714762,6.714475416069496,0.0,15.00882740062593,4.73962970546082,0.0,0.5296235631343414,81.54416011869668,0.3255467685355697,28.3
428,LN J80 + DMM (20 % vol.),35.752073578595315,33.778305462653286,5.170122630992196,0.0,11.556744704570791,3.649498327759197,0.0,10.093255295429207,80.19853820176621,0.24653338195424354,29.2
429,HN J80 + DMM (1 % vol.),31.55052036793692,27.693997371879107,4.449145860709592,0.0,26.83329303547963,8.997161629434952,0.0,0.4758817345597897,111.48190371154905,0.4425403733424909,32.5
430,HN J80 + DMM (20 % vol.),33.226307692307685,25.731589743589744,3.507692307692307,0.0,21.15528205128205,7.093333333333333,0.0,9.285794871794872,101.45873545638014,0.31752857415108265,31.8
431,SATORP + DMM (1 % vol.),41.47690893459427,28.28647840751273,3.0746240328020633,1.4928238873090405,3.7567753455459294,21.43339197143046,0.0,0.4789974208055022,90.61899734337037,0.6313197233304343,20.0
432,SATORP + DMM (20 % vol.),41.05005154639175,26.187938144329898,2.4206701030927835,1.1753092783505155,2.9577319587628867,16.87463917525773,0.0,9.333659793814434,87.05724238456408,0.4775057440027671,21.5
433,FACE I (98.5)+ Meth (1.0)+ Eth (0.5),58.28085537148666,30.202940321587604,7.254624217866296,1.3958762045216992,1.5826483727323493,0.4718454775847997,0.8112100342205868,0.0,92.7905879855606,0.3631747549791332,30.7
434,FACE I (96.0)+ Meth (2.5)+ Eth (1.5),57.79140098893336,29.68494466682364,7.046836055397393,1.355895284371856,1.5373178928441467,0.4583308003510499,2.1252743112785497,0.0,88.85016651334331,0.33779188960704337,29.27
435,FACE I (92.0)+ Meth (5.0)+ Eth (3.0),57.03099515975643,28.82911072944316,6.717223602219983,1.2924739180423273,1.4654105690479908,0.4368925920143078,4.227893429475806,0.0,83.16883361949122,0.30140275679384004,26.65
436,FACE I (88.5)+ Meth (7.5)+ Eth (4.0),56.42185941043084,27.98129590777121,6.431596414266641,1.2375158412274567,1.4030989467438066,0.41831521393604165,6.106318265624007,0.0,78.59690275726437,0.2727225323242748,24.6
437,FACE I (84)+ Meth (10.0)+ Eth (6.0),55.53424454369259,27.144523468441893,6.068428414932164,1.1676379876969745,1.3238712395719219,0.39469453105249847,8.366599814611948,0.0,73.87122424856744,0.24185124862399737,22.1
438,FACE J (98.5)+ Meth (1.0)+ Eth (0.5),25.64755612701704,33.66774058042236,7.1341831204938515,0.0,0.7970604589793132,31.99066113755243,0.762798575535016,0.0,92.0669595583869,0.6519092621184616,29.06
439,FACE J (96.0)+ Meth (2.5)+ Eth (1.5),26.066936306631447,33.08634715809424,6.941710184083714,0.0,0.7755565860838358,31.127585942698147,2.0018638224086134,0.0,88.42069951992605,0.6091994772225042,27.44
440,FACE J (92.0)+ Meth (5.0)+ Eth (3.0),26.750271748602376,32.12774570658658,6.635036398493115,0.0,0.7412937217626793,29.752418388277405,3.9932340362778356,0.0,83.10262959722029,0.5472643694039374,25.84
441,FACE J (88.5)+ Meth (7.5)+ Eth (4.0),27.392581357088396,31.19230087075157,6.367932667228441,0.0,0.7114517876489708,28.554688415392636,5.781044901889972,0.0,78.77064692981757,0.4978539675914762,24.17
442,FACE A (98.5)+ Meth (1.0)+ Eth (0.5),56.91989760992732,16.871296625351373,24.6662455031387,0.0,0.3144700621914097,0.40291476718274366,0.8251754322084504,0.0,96.7656798631856,0.40027316136498436,25.46
443,FACE A (96.0)+ Meth (2.5)+ Eth (1.5),56.46189470935167,16.73287253259048,23.94794228383643,0.0,0.30531241158675926,0.39118152734553524,2.1607965352891245,0.0,92.3099274299581,0.37072227506628586,23.89
444,FACE A (92.0)+ Meth (5.0)+ Eth (3.0),55.75256031263068,16.478885604279924,22.809955729880166,0.0,0.2908042164765599,0.37259290236059234,4.295201234372071,0.0,85.95357240056674,0.3287913953080963,21.53
445,FACE A (88.5)+ Meth (7.5)+ Eth (4.0),55.18933496848038,16.151307257040813,21.82526517351922,0.0,0.27825039265044427,0.35650831558338164,6.199333892725747,0.0,80.89913866072635,0.29609801503684774,19.7
446,FACE A (84)+ Meth (10.0)+ Eth (6.0),54.359569193948204,15.980105991965125,20.575177365586804,0.0,0.2623130182066844,0.3360885545773143,8.486745875715872,0.0,75.71500861034811,0.26125080243700866,17.57
447,PRF 70 (98.5)+ Meth (1.0)+ Eth (0.5),54.97192031825039,29.03457094339923,7.890402630292241,0.0,0.0,0.0,0.8196575262499022,0.0,105.69987462287779,0.38492980095965307,31.86
448,PRF 70 (96.0)+ Meth (2.5)+ Eth (1.5),54.52147266436565,28.62861229008356,7.645618505216536,0.0,0.0,0.0,2.1468025355189737,0.0,100.16626375267475,0.35346140295962336,30.35
449,PRF 70 (92.0)+ Meth (5.0)+ Eth (3.0),53.90815349142107,27.814404807947962,7.284546804938234,0.0,0.0,0.0,4.268697844980536,0.0,92.42399435184818,0.31073857511787,26.39
450,PRF 70 (88.5)+ Meth (7.5)+ Eth (4.0),53.4449292278288,26.974074072045074,6.977521207279154,0.0,0.0,0.0,6.162686686127761,0.0,86.3809265077807,0.2781806522826747,24.48
451,PRF 70 (84)+ Meth (10.0)+ Eth (6.0),52.70261752240949,26.214004153195447,6.574826741911645,0.0,0.0,0.0,8.439480743795752,0.0,80.23411268382597,0.24347325677869444,21.75
452,PRF 84 (98.5)+ Meth (1.0)+ Eth (0.5),59.84025882929933,21.184306507593796,9.441696716941092,0.0,0.0,0.0,0.818325592066316,0.0,107.60576733376372,0.46891431699651875,26.34
453,PRF 84 (96.0)+ Meth (2.5)+ Eth (1.5),59.25994055283191,20.98955670277771,9.155689486400243,0.0,0.0,0.0,2.1434075782360664,0.0,101.83815468351487,0.4303377794539656,23.76
454,PRF 84 (92.0)+ Meth (5.0)+ Eth (3.0),58.44458670994441,20.503785705137997,8.730483382684502,0.0,0.0,0.0,4.262236464370479,0.0,93.7949331946264,0.37794235644724095,20.24
455,PRF 84 (88.5)+ Meth (7.5)+ Eth (4.0),57.74943806041321,20.03948792546135,8.349763396651914,0.0,0.0,0.0,6.153836712871767,0.0,87.5234717060829,0.3372924371073925,18.47
456,PRF 84 (84)+ Meth (10.0)+ Eth (6.0),56.77214180120609,19.66063419319692,7.872383164777352,0.0,0.0,0.0,8.428025611794396,0.0,81.17222493906914,0.2949317801805453,15.86
457,FACE I (98.1)+ Meth (0.4)+ Eth (1.4),58.083405274749815,30.375129464496545,7.221513817989791,1.3895053687731032,1.5754251012145748,0.46969195564161237,0.885329017134565,0.0,92.82013017108514,0.3616323086041641,30.91
458,FACE I (95.8)+ Meth (1.7)+ Eth (2.5),57.604980004708125,29.960064059122715,7.030549895493747,1.352761633008282,1.5337649501009394,0.45727153791829245,2.060607919647889,0.0,89.33581801993992,0.33885329834021644,28.97
459,FACE I (91.5)+ Meth (3.5)+ Eth (5.0),56.647696989041386,29.342516225130336,6.676783913182255,1.284692839663794,1.4565883604638792,0.4342623683370571,4.157459304181296,0.0,83.85854789071085,0.30207268992482444,26.04
460,FACE I (86.8)+ Meth (3.7)+ Eth (9.5),55.333728715342154,29.276153146611584,6.295155451847361,1.2112629731196818,1.3733333709314701,0.4094410049982023,6.100925337149545,0.0,79.83306771995309,0.27113531106262034,23.53
461,FACE I (82.5)+ Meth (5.5)+ Eth (12.0),54.40040798300772,28.66967108998759,5.949660364661101,1.1447855986204285,1.2979611364640071,0.38696977981535613,8.150544047443796,0.0,75.52172909230117,0.24241578945075984,21.44
462,FACE J (98.1)+ Meth (0.4)+ Eth (1.4),25.60192831413849,33.81482409665799,7.103557237235296,0.0,0.7936388085738746,31.85333045276131,0.832721090633026,0.0,92.09739813786317,0.6493253268665948,28.38
463,FACE J (95.8)+ Meth (1.7)+ Eth (2.5),25.96038799771513,33.33812009005074,6.926596552535197,0.0,0.7738680286280705,31.05981433419576,1.9412129968751048,0.0,88.87458478850212,0.6109934785196051,27.18
464,FACE J (91.5)+ Meth (3.5)+ Eth (5.0),26.56036509851226,32.594055086449536,6.597295938882187,0.0,0.7370772014475273,29.58318496180137,3.928021712907117,0.0,83.75332409174257,0.5484122111014328,25.28
465,FACE J (86.8)+ Meth (3.7)+ Eth (9.5),26.94493532803699,32.355006915536904,6.239893627683529,0.0,0.6971467363342979,27.980543701516076,5.782473690892205,0.0,79.94294024561145,0.4951039613551917,22.92
466,FACE J (82.5)+ Meth (5.5)+ Eth (12.0),27.53875984488066,31.61791428457202,5.9143745252468705,0.0,0.6607783952344781,26.520871147003557,7.747301803062407,0.0,75.81773420354352,0.4450601620143125,21.11
467,FACE A (98.1)+ Meth (0.4)+ Eth (1.4),56.72538199190382,17.108325130896908,24.551738669065532,0.0,0.3130102141076084,0.40104433682537316,0.9004996572007494,0.0,96.7791054956494,0.39847027158439613,25.71
468,FACE A (95.8)+ Meth (1.7)+ Eth (2.5),56.275489071232435,17.043012594663043,23.891672553265863,0.0,0.30459502856753295,0.3902623803521515,2.094968371918964,0.0,92.83449935810485,0.3719529631844595,23.82
469,FACE A (91.5)+ Meth (3.5)+ Eth (5.0),55.371015714501866,17.075942978189914,22.67046019497222,0.0,0.28902578734625944,0.3703142900373948,4.223241034952338,0.0,86.68430808844444,0.3295587845211941,21.76
470,FACE A (86.8)+ Meth (3.7)+ Eth (9.5),54.11152268262074,17.72016787843838,21.35535938892935,0.0,0.27225956193057343,0.34883256372354715,6.1918579243573975,0.0,82.17655896317224,0.2942977255147446,19.21
471,FACE A (82.5)+ Meth (5.5)+ Eth (12.0),53.2330873728434,17.748299886971914,20.166823057729626,0.0,0.25710690750890364,0.32941822524578274,8.265264549700369,0.0,77.43563627132582,0.2618848820071672,17.27
472,PRF 70 (98.1)+ Meth (0.4)+ Eth (1.4),54.74526943437366,29.282322208557236,7.840502729694059,0.0,0.0,0.0,0.8945184922728319,0.0,105.65449261364606,0.38233123280387665,32.65
473,PRF 70 (95.8)+ Meth (1.7)+ Eth (2.5),54.31955461028157,28.94323053817525,7.620999216340116,0.0,0.0,0.0,2.0814471278121878,0.0,100.75260974812322,0.3543856430467701,30.14
474,PRF 70 (91.5)+ Meth (3.5)+ Eth (5.0),53.52255868089335,28.367266198811883,7.234661413090236,0.0,0.0,0.0,4.1973647105058545,0.0,93.21582975562816,0.3112545999794915,26.55
475,PRF 70 (86.8)+ Meth (3.7)+ Eth (9.5),52.40753039971916,28.307282568999078,6.827153897563972,0.0,0.0,0.0,6.156044920581817,0.0,87.70011976624458,0.27634256052874334,23.61
476,PRF 70 (82.5)+ Meth (5.5)+ Eth (12.0),51.597603643510666,27.79854152478305,6.43950614641575,0.0,0.0,0.0,8.220189165522164,0.0,82.05494734554141,0.2438738482040467,20.93
477,PRF 84 (98.1)+ Meth (0.4)+ Eth (1.4),59.604276636717245,21.447295562570424,9.38878719738147,0.0,0.0,0.0,0.8930678057479753,0.0,107.5549486536855,0.46606639612372786,25.51
478,PRF 84 (95.8)+ Meth (1.7)+ Eth (2.5),59.09248372112823,21.248636130288716,9.14198913689054,0.0,0.0,0.0,2.0781318084089584,0.0,102.45571978537973,0.4322995741339582,23.48
479,PRF 84 (91.5)+ Meth (3.5)+ Eth (5.0),58.05667212824217,21.06048916471744,8.679748135147545,0.0,0.0,0.0,4.191015370218176,0.0,94.60838696389357,0.3790047555319258,20.44
480,PRF 84 (86.8)+ Meth (3.7)+ Eth (9.5),56.63414156015748,21.498666481998427,8.174308732768576,0.0,0.0,0.0,6.147367471750686,0.0,88.85412545031632,0.3352251016666317,18.43
481,PRF 84 (82.5)+ Meth (5.5)+ Eth (12.0),55.62618113684648,21.311372154930098,7.72371531911143,0.0,0.0,0.0,8.209148017624505,0.0,83.02346750671438,0.29596136668955075,16.42
482,FACE J gasoline + Ethanol (2 % vol.),25.533352356852504,33.97332382157374,7.096010444988828,0.0,0.7927956497159934,31.819489595391282,0.7850281314776429,0.0,92.4300943001216,0.6509786417336637,28.4926166275247
483,FACE J gasoline + Ethanol (5 % vol.),25.762654665144076,33.85867266742795,6.865755357022904,0.0,0.767070598508766,30.786994021629603,1.9588526902666754,0.0,89.49883586409862,0.6098805853110736,26.850394525865
484,FACE J gasoline + Ethanol (10 % vol.),26.142900763358774,33.668549618320604,6.483929288871032,0.0,0.7244114102049016,29.074833266372035,3.905375652872639,0.0,85.02731248452842,0.5471870616387492,24.4511567619908
485,FACE J gasoline + Ethanol (15 % vol.),26.52076096388759,33.479619518056204,6.104499032107335,0.0,0.6820198918630266,27.37341565983579,5.83968493425005,0.0,81.00552476566548,0.4907991101165469,22.4990010138815
486,FACE J gasoline + Ethanol (20 % vol.),26.896257652382218,33.291871173808886,5.727442108064945,0.0,0.639893532073463,25.682640404578123,7.76189512909236,0.0,77.36887135016829,0.43981097975493694,20.9283853630414
487,FACE I gasoline + Ethanol (2 % vol.),57.973816038005836,30.547516169652567,7.213357563963139,1.3879360082422298,1.5736457558239367,0.46916146757483823,0.8345669967374506,0.0,93.17865761107352,0.362619132123947,30.6517072981589
488,FACE I gasoline + Ethanol (5 % vol.),57.100305017103764,30.543814851767387,6.965032782212087,1.3401553591790192,1.5194719213226908,0.45301026225769664,2.0782098061573544,0.0,90.0009251984747,0.33819481341869717,28.9165397889895
489,FACE I gasoline + Ethanol (10 % vol.),55.65962616822429,30.537710280373826,6.5554715378079855,1.2613508920985554,1.4301231945624466,0.4263721325403567,4.129345794392522,0.0,85.20821537592903,0.30135764245252905,26.0958267073921
490,FACE I gasoline + Ethanol (15 % vol.),54.23759425998875,30.53168472144063,6.15121131119865,1.1835664040517726,1.3419309229037704,0.40007878446820483,6.153933595948227,0.0,80.95311427636342,0.268652577366871,23.3204344654218
491,FACE I gasoline + Ethanol (20 % vol.),52.833849594632376,30.52573665082472,5.752149846239867,1.10678221973721,1.2548727984344423,0.3741235672351132,8.152485322896283,0.0,77.14996873497913,0.2394212807300176,20.7328881730681
492,FACE A gasoline + Ethanol (2 % vol.),56.6154770914595,17.29890289340397,24.52353437736508,0.0,0.31265063748035166,0.4005836292717005,0.8488513710193862,0.0,97.17085226758228,0.39962361384128964,25.1797767881181
493,FACE A gasoline + Ethanol (5 % vol.),55.7750724427702,17.758766299623296,23.66535062300782,0.0,0.30170964937699213,0.3865654882642711,2.1125354969574035,0.0,93.52991992724357,0.3711894081339215,23.5698849103853
494,FACE A gasoline + Ethanol (10 % vol.),54.391156169111305,18.516035375323554,22.25215703192407,0.0,0.28369283865401207,0.3634814495254529,4.193477135461604,0.0,88.09433897585983,0.3287397242443497,20.9807689589995
495,FACE A gasoline + Ethanol (15 % vol.),53.02778332857551,19.262063231515846,20.859941478732516,0.0,0.26594347701969745,0.34074007993148725,6.24352840422495,0.0,83.32378081181292,0.29148359875346647,18.5256926784108
496,FACE A gasoline + Ethanol (20 % vol.),51.68449985831679,19.99709832813828,19.488240294701043,0.0,0.24845565315953524,0.31833380561065444,8.263372060073674,0.0,79.1032363607275,0.258522857409921,16.1143663781377
